#A [AU],M [earth mass]
0.008200,0.58000
0.015600,0.65000
0.015570,0.75000
0.020900,0.98000
0.025200,1.05000
0.044300,1.11000
0.027640,1.14000
0.036467,1.18000
0.027600,1.21000
0.048500,1.27000
0.035509,1.36000
0.021000,1.37000
0.049600,1.40000
0.054000,1.64000
0.029000,1.65700
0.028453,1.70000
0.028150,1.70000
0.067393,1.72000
0.035000,1.74000
0.133000,1.75000
0.019700,1.78000
0.057638,1.81900
0.243000,1.83000
0.037500,1.91000
0.052900,1.93000
0.030000,1.94000
0.032820,2.02000
0.126400,2.31000
0.203600,2.40000
0.029000,2.47000
0.225000,2.52000
0.066200,2.58000
0.066200,2.58000
0.047600,2.64000
0.213000,2.70000
0.156000,2.70000
0.120700,2.70000
0.064000,2.78000
0.087990,2.80100
0.078361,2.82000
0.127000,2.82000
0.154170,2.87700
0.091101,2.89000
0.078500,2.99000
0.072000,3.03000
0.260000,3.17830
0.082080,3.28000
0.042200,3.35000
0.061000,3.40000
0.089000,3.41000
0.064816,3.49613
0.364000,3.52000
0.260000,3.60000
0.248500,3.63000
0.125000,3.70900
0.125000,3.80000
0.047500,3.81000
0.038474,3.81396
0.538000,3.93000
1.334000,3.93000
0.103000,4.00000
0.046800,4.00000
0.047524,4.00000
0.125010,4.10000
0.065100,4.13000
0.050000,4.15000
0.057000,4.18000
0.068000,4.20000
0.084270,4.25000
0.038200,4.33612
0.065300,4.36000
0.041300,4.40000
0.080000,4.40000
0.123000,4.54000
0.549000,4.60000
0.038760,4.74000
0.509000,4.77000
0.349900,4.80000
0.093400,4.81000
0.050201,5.10000
0.247000,5.20000
0.249100,5.20000
0.203900,5.21000
0.178000,5.22300
0.060000,5.30000
0.100400,5.33000
0.071700,5.35000
0.066610,5.36000
0.070000,5.36000
0.163000,5.40000
0.072100,5.50000
0.111700,5.59000
0.072993,5.60000
0.050431,5.60000
0.050500,5.60000
0.090500,5.63000
0.074000,5.65200
0.050000,5.66100
0.049000,5.68000
0.062960,5.74000
0.058000,5.79000
0.062000,6.04300
0.204000,6.10000
0.089000,6.26000
0.060000,6.35660
0.080000,6.35660
0.080000,6.35660
0.050000,6.35660
0.060000,6.35660
0.070000,6.35660
0.129000,6.40000
0.081200,6.43000
0.063400,6.44000
0.155100,6.44000
0.092000,6.49000
0.067000,6.52000
0.089000,6.60000
0.047000,6.60000
0.081130,6.60000
0.079900,6.60000
0.091700,6.64000
0.125400,6.80000
0.020807,6.83000
0.077570,6.90000
0.311000,7.00000
0.091000,7.10000
0.606900,7.10000
0.600000,7.10000
0.060800,7.14000
0.339000,7.26800
0.146300,7.30000
0.026000,7.40000
0.021000,7.40000
0.080130,7.42102
0.037700,7.46870
0.021839,7.49000
0.080000,7.50000
0.060000,7.51000
0.020807,7.53000
0.080000,7.55000
0.309000,7.56000
0.193940,7.60000
0.120000,7.60000
0.063438,7.60000
0.470000,7.70000
0.015440,7.81000
0.113400,7.86000
0.079600,7.86000
0.026000,8.00000
0.021000,8.06144
0.015440,8.08000
0.015440,8.08000
0.015439,8.09479
0.256000,8.10000
0.015691,8.13928
0.079000,8.20000
0.145500,8.23000
0.083100,8.26323
0.103000,8.30000
0.015830,8.37000
0.046000,8.40000
0.028700,8.40000
0.066000,8.40000
0.898000,8.47800
0.042800,8.50000
0.041000,8.50000
0.412800,8.58000
0.063000,8.62000
0.015830,8.63000
0.056640,8.68000
0.176000,8.70000
0.134000,8.74000
0.110000,8.81000
0.145740,8.89924
0.233000,8.94000
0.134400,9.00000
0.066000,9.06000
0.118780,9.18000
0.057000,9.26000
0.132100,9.50000
0.134070,9.50000
0.073300,9.60000
0.119000,9.90000
0.044400,10.10000
0.092860,10.17000
0.053000,10.20000
0.078500,10.20000
0.141000,10.27000
0.125400,10.47000
0.698000,10.50000
0.090940,10.55470
0.060700,10.60000
0.164700,10.61000
0.166600,10.80000
0.375300,10.80622
0.111000,11.07000
0.039000,11.09000
0.439000,11.20000
0.187000,11.50000
0.070000,11.60000
0.097400,11.66000
0.128600,11.75000
0.034000,11.80000
0.186000,11.80000
0.809800,11.82000
0.128590,12.01397
0.064400,12.19000
0.335700,12.20000
0.099000,12.44000
0.217000,12.70000
0.060000,12.71320
0.105900,12.77000
0.335100,12.90000
0.243000,12.90000
0.101000,13.00000
0.341000,13.00000
0.143000,13.00000
0.039435,13.02000
0.064100,13.10000
0.080900,13.13400
0.068000,13.20000
0.064120,13.22173
0.087600,13.30000
0.045000,13.56000
0.031000,13.73000
0.035500,13.90000
0.035570,13.90000
0.034800,14.00000
0.090000,14.00000
0.337400,14.03000
0.115000,14.04750
0.035960,14.10000
0.266300,14.16000
0.038000,14.30235
0.380900,14.31000
0.056000,14.40000
0.554000,14.40000
0.176000,14.40000
0.196400,14.44000
0.334300,14.60000
0.246000,15.10000
0.041000,15.20000
0.300000,15.37000
0.040616,15.60000
0.040000,15.65000
0.040610,15.80000
0.120000,15.89150
0.061400,15.90000
1.165000,16.00000
0.460000,16.00000
0.230000,16.14000
0.237000,16.17000
0.283000,16.20000
0.082000,16.57000
0.351400,16.58000
0.041000,16.60000
0.268700,16.80000
0.320000,16.90000
0.079000,17.16200
0.163000,17.20000
0.258600,17.37000
0.052400,17.48065
0.209900,17.60000
0.246000,17.80000
0.250000,17.98000
0.050000,18.00000
0.345000,18.00115
0.630000,18.10000
0.128000,18.11600
0.217500,18.20000
0.163530,18.39400
0.335000,18.80000
0.130400,19.06900
0.170000,19.06980
0.050000,19.06980
0.060000,19.06980
0.291000,19.66000
0.056798,19.95000
0.205500,19.96000
0.050700,20.97678
0.045000,21.00000
0.361750,21.09000
0.027800,21.29400
0.235080,21.29461
0.028000,21.36000
0.027800,21.38910
1.422000,21.40000
0.319000,21.60000
0.027800,21.67510
0.029100,22.10000
0.140000,22.10000
0.050000,22.24810
0.120000,22.24810
0.028500,22.66030
0.050000,22.78000
0.476000,22.90000
0.112000,22.90000
0.492900,22.94733
0.028720,23.10000
0.031090,23.13802
0.028720,23.16880
0.029000,23.20100
1.427000,23.26516
0.028870,23.42407
0.143390,23.54000
0.492900,23.90000
1.180000,24.00000
0.196000,24.15400
0.146200,24.27000
0.319300,24.70000
0.229000,25.00000
0.412300,25.00000
0.269900,25.10000
0.123000,25.10857
0.030800,25.40000
0.269900,25.58532
0.143400,25.72000
0.364000,25.72000
0.121400,25.74423
0.121600,27.50000
0.121860,27.65000
0.323000,28.55000
0.250000,28.60470
2.392800,29.29000
1.030400,29.40000
0.481700,30.70000
0.403000,30.90000
0.249000,31.20000
1.373000,31.46517
0.120000,31.78300
0.060000,31.78300
0.970000,32.00000
4.819000,32.42200
0.058000,33.40000
0.461000,34.20000
0.123200,34.60000
1.520000,34.96130
0.119000,35.59696
5.400000,36.00000
0.058000,36.54900
1.543000,37.90000
0.056800,38.14000
1.520000,42.00000
0.262000,42.44000
0.149000,44.49620
0.788000,44.81200
0.775000,44.81200
3.600000,45.00000
0.781000,45.76600
0.773300,47.00510
0.513700,47.67250
3.805000,48.40000
0.260000,50.85280
0.170000,50.85280
0.198000,51.48846
0.238000,52.44000
0.237000,52.44000
0.435000,53.00000
0.718100,53.50000
0.240000,53.71100
0.540000,54.03000
0.150000,54.03110
0.241376,54.47380
0.770000,54.66400
0.153200,54.66400
0.153200,54.66400
0.180000,55.30242
0.176000,56.60000
0.237350,56.69850
0.150000,57.20940
0.264300,58.98500
0.681300,59.49530
0.170000,60.38770
0.049000,62.61251
0.280000,63.56000
0.890000,63.56600
0.690000,63.56600
2.729000,63.56600
3.400000,64.40000
3.381000,65.66368
0.362000,65.90000
0.533000,66.60000
0.269000,66.74100
0.687300,66.74150
0.050000,66.74430
0.912000,68.06000
0.240000,68.96911
0.890000,70.87310
2.560000,71.00000
0.870000,71.60000
0.039800,71.80000
0.296000,72.10000
0.295000,72.46524
0.295000,72.78000
0.065000,73.10090
2.550000,73.10090
0.051100,74.05439
1.837000,75.32571
3.015000,76.27920
0.065900,78.81900
0.041000,79.10000
0.300000,79.45750
0.040000,79.45750
0.134400,82.31500
0.363000,82.60000
0.360000,82.63580
0.130000,82.63580
0.102000,82.95000
2.560000,84.53920
0.710000,85.81000
0.061500,85.81410
0.070000,85.81410
1.360000,85.81410
0.063500,88.98900
0.060000,88.99240
0.047900,89.62806
0.047900,90.42263
1.360000,92.16680
0.046000,92.17070
0.163506,94.70940
0.047200,95.03117
0.302000,95.34000
0.050000,95.34900
0.166000,96.70000
2.100000,98.52730
0.043640,102.34126
0.043200,103.61258
0.680000,104.00000
1.135000,104.24400
1.282000,104.30000
0.150800,104.56607
0.145000,104.88000
1.200000,104.88000
2.115000,107.60000
3.110000,108.06220
1.020000,108.06220
0.037500,108.06220
0.040000,108.06220
0.230000,111.24050
0.250000,111.24050
2.395000,111.42000
0.042880,113.14748
5.340000,113.46531
4.074000,113.90000
0.043130,114.10097
1.240000,114.41000
0.721000,114.41000
2.110000,114.41400
0.250000,114.41880
0.042000,114.80000
0.070000,116.00000
2.160000,116.00000
1.780000,117.59000
0.477000,117.59000
0.150000,117.59710
2.350000,120.00000
0.036000,120.00000
6.360000,120.60000
0.039000,120.77540
0.140000,123.95000
0.036800,126.00000
0.040600,126.49100
0.040600,127.12700
0.104000,127.13200
1.850000,127.13200
1.020000,127.13200
0.210100,127.13200
0.774000,129.67464
0.178000,130.00000
0.050000,130.31030
2.370000,130.31030
4.490000,133.48860
0.040000,133.48860
0.046000,133.48860
0.177000,136.03124
0.237000,137.62039
0.066400,138.89171
0.148000,139.84520
1.110000,139.84520
0.870000,140.79869
0.036000,143.01700
0.490000,143.02000
2.730000,143.02350
0.415000,143.34133
0.045200,145.56000
0.052000,146.20180
0.422500,146.20180
0.047000,146.20180
0.338000,147.15529
0.048200,148.42661
0.052000,148.73800
2.690000,149.37000
0.230000,150.00000
0.052700,150.00900
0.046000,152.55000
5.160000,152.55000
0.875000,152.55000
0.510000,152.55000
0.044000,152.55000
0.934000,152.55200
0.040000,152.55840
1.487000,153.10000
0.049100,155.10104
0.140000,155.73670
0.050000,155.73670
1.260000,158.90800
1.105000,159.50000
0.042130,161.26010
2.380000,161.45764
0.030000,162.09330
0.042000,165.26000
0.042000,165.26000
0.524000,165.26500
0.921000,165.86850
0.042600,166.21800
3.293470,166.89822
1.010000,167.40000
2.280000,168.44000
0.940000,168.44990
3.000000,171.00000
3.600000,171.62100
0.060000,171.62820
0.130000,177.98000
0.150000,177.98480
0.586000,177.98480
0.570000,177.98480
0.460000,181.16310
1.890000,181.16310
1.610000,182.42700
1.190000,184.33000
0.040000,187.51970
1.940000,187.51970
0.975000,190.06234
1.640000,190.69000
0.920000,190.69000
0.570000,190.69800
1.030000,193.87000
0.530000,193.87000
3.340000,193.90000
0.033500,196.41100
3.460000,197.04600
0.049800,197.04600
0.046000,197.05000
0.122000,197.05000
0.039000,197.05000
1.260000,197.05460
3.160000,198.00000
0.519000,198.31800
2.075000,200.00000
0.046700,200.22000
1.760000,203.00000
3.400000,203.40000
0.940000,203.40000
0.153200,203.72000
0.125000,205.00000
2.360000,206.58950
0.460000,206.58950
1.710000,207.22516
1.773100,207.47704
0.897200,209.09150
3.190000,209.76000
5.000000,209.76780
2.240000,209.76780
0.125000,211.35695
2.100000,212.94000
2.656000,212.94610
0.059500,213.58176
0.533640,214.53525
3.560000,216.00000
2.450000,216.12440
1.300000,216.12440
0.057000,216.12440
0.047070,216.76006
0.047070,217.70400
0.059222,218.53100
0.047000,219.29000
0.059000,219.29000
4.896800,219.30270
3.142000,220.88300
2.807000,221.20968
0.048000,222.15400
0.189000,222.47200
0.191000,222.48100
3.410000,222.48100
0.057000,222.48100
2.430000,225.65000
0.192000,225.65000
1.332000,225.65930
0.047470,226.93062
0.129590,226.98460
1.332000,227.88411
0.150000,228.83000
0.960000,228.83760
1.000000,232.01000
0.150000,232.01000
1.359000,232.01000
2.112000,232.01590
0.153120,232.96000
1.880000,235.18000
0.049000,235.19420
2.050000,238.36000
0.059000,238.36000
0.407000,241.54000
1.032000,244.09344
0.330000,244.72000
0.360000,244.72000
0.130000,244.72910
0.057000,244.72910
0.150000,247.90000
0.362000,249.05159
0.115000,249.17872
0.316000,249.17872
2.070000,250.00000
2.070000,251.00000
0.130650,251.07500
0.362000,251.08570
0.129400,253.31051
0.113400,254.25000
0.113000,254.25000
1.700000,254.26400
1.350000,254.26400
1.650000,255.50000
1.662000,257.44230
5.800000,260.00000
0.113800,260.61000
2.410000,260.61000
2.350000,260.61000
0.639000,260.61000
4.210000,260.62060
2.070000,260.62060
1.650000,260.62060
1.020000,261.00000
0.115000,261.88100
2.067000,262.20975
0.115227,263.97850
2.100000,265.70588
0.135989,266.20000
0.131000,266.64813
0.113390,266.96600
2.080000,266.97000
0.110000,266.97720
0.115000,266.97720
0.045000,266.97720
0.640000,270.00000
2.450000,270.14400
0.131300,270.80000
0.131300,272.06248
2.080000,273.32000
0.132000,273.32000
0.540000,273.32000
0.330000,273.33380
0.154000,274.91000
2.153000,276.51210
1.420000,276.51210
0.134000,281.74197
0.870000,282.86870
1.950000,284.44600
0.990000,286.00000
0.115000,289.21000
2.320000,289.21000
0.190000,289.22530
1.000000,289.22530
2.390000,289.53100
2.971000,290.81445
0.044300,291.12000
2.840000,292.39000
0.080000,292.40360
2.030000,295.57000
2.440000,295.57000
1.492000,296.85322
2.015000,298.75000
0.077000,298.75000
4.190000,300.97200
1.400000,300.97200
3.020000,301.92600
2.110000,301.93000
0.045000,301.93000
0.081000,305.10000
0.080700,305.11680
0.890000,305.11680
0.930000,310.00000
1.480000,310.00000
1.770000,311.46000
0.060000,311.47340
2.659000,314.64000
0.630000,314.65170
4.300000,317.80000
2.350000,317.83000
1.200000,317.83000
3.200000,317.83000
1.032000,317.83000
2.658000,320.35900
2.950000,320.99000
0.077000,321.00830
2.950000,321.00830
2.680000,323.53700
0.088000,324.18660
1.940000,324.18660
0.046910,324.18660
1.240000,324.18660
1.000000,327.35000
0.077000,327.35000
0.759000,327.35000
1.030000,327.36490
1.169000,328.60000
0.089600,330.53000
0.780000,330.54320
0.219600,332.10000
0.610000,333.72150
0.500000,334.00000
1.930000,334.67499
3.360000,336.89000
0.770000,336.89980
0.576000,337.21763
2.770000,338.20000
0.057000,339.42800
0.530000,343.24000
1.033000,343.25640
0.504000,346.00000
2.100000,346.43470
0.080000,346.43470
2.330000,346.43470
0.060000,346.43470
1.160000,349.60000
0.031000,349.60000
0.230000,349.61300
3.067000,350.00000
2.300000,352.77600
0.539000,352.78000
2.200000,352.79130
2.990000,353.42696
3.396000,355.33394
1.700000,356.28743
0.031000,356.92309
0.490000,359.00000
0.110000,359.13000
0.567000,359.14790
1.730000,362.32620
0.030990,363.58200
0.092500,365.49000
0.031300,365.49000
2.071000,365.49000
1.073000,365.49000
0.031420,365.50450
1.030000,368.67000
2.150000,368.67000
1.490000,368.68280
0.500000,368.68280
0.031060,370.58978
2.090000,375.03940
1.370000,375.03940
1.600000,380.00000
1.510000,381.38000
3.020000,381.39600
0.950000,381.40000
0.037900,384.57430
0.520000,384.57430
1.370000,384.57430
1.320000,385.00000
1.960000,385.84562
2.134800,387.75260
2.340000,387.75260
0.330000,388.00000
1.100000,390.91000
0.993000,390.93090
1.980000,390.93090
1.650000,394.09000
1.360000,394.10920
1.020000,397.27000
0.950000,397.28750
1.393000,398.20000
2.560000,400.40000
1.190000,400.45000
2.500000,400.45000
1.300000,400.45000
2.740000,400.46580
1.360000,400.46580
1.110000,403.64410
1.100000,406.81000
0.545000,406.82240
1.038000,409.98000
1.138000,409.98000
1.130000,410.00070
2.300000,410.00070
1.301000,411.58985
1.040000,413.17900
0.080000,413.17900
1.060000,413.20000
1.650000,413.20000
2.555000,416.34000
1.045000,416.34000
0.490000,416.35730
0.560000,416.35730
0.549000,416.35730
0.053000,422.70000
4.800000,422.70000
0.073000,422.70000
0.689000,422.71390
0.053000,422.71390
7.730000,425.87000
2.980000,425.89220
3.130000,425.90000
1.053000,426.00000
0.426000,429.05000
1.160000,429.07050
1.051000,431.59500
1.051000,432.23000
0.702300,432.24880
0.052000,432.24880
0.475600,435.40900
1.305000,435.41000
0.896000,435.41000
0.074000,435.41000
1.230000,435.42710
2.315000,436.36200
2.340000,438.60540
0.460000,438.60540
1.070000,440.19455
0.074800,441.77000
2.130000,441.78370
2.140000,444.90000
1.650000,444.96200
1.050000,444.96200
1.900000,444.96200
0.075050,449.23380
0.890000,451.00000
1.040000,451.31860
1.440000,451.31860
1.397000,454.49690
0.460000,457.66000
0.890000,457.67520
4.940000,460.80000
1.086000,460.83000
3.250000,460.83000
3.930000,460.85350
0.777000,467.19000
0.609000,467.19000
1.810000,467.21010
0.034600,470.38840
2.010000,472.61321
1.364900,472.83000
2.620000,473.54700
1.221800,473.54700
3.242000,474.83802
1.600000,476.70000
1.480000,476.70000
2.400000,476.70000
1.203000,476.72000
1.151000,476.72500
0.720900,476.72500
2.600000,476.72500
0.490000,476.74500
1.090000,476.74500
0.035000,476.74500
0.830000,476.74500
3.920000,477.36100
0.330000,479.92330
1.814000,484.69075
2.370000,485.32641
2.030000,486.27990
1.500000,486.27990
4.430000,486.27990
1.227000,486.30000
3.970000,489.45820
3.580000,489.45820
1.180000,490.09386
1.850000,491.68301
3.390000,492.63650
1.570000,494.54348
4.010000,495.79000
1.280000,495.79000
1.271000,495.80000
1.380000,495.81480
1.830000,495.81480
1.570000,495.81480
1.134000,495.81480
3.560000,496.00000
1.410000,500.00000
0.810000,505.00000
4.130000,507.00000
1.565000,508.21017
4.200000,508.50000
1.200000,508.50000
2.900000,508.50700
1.390000,508.50700
1.670000,508.52800
1.100000,508.52800
2.600000,508.52800
0.680000,511.70630
0.810000,511.70630
2.306000,511.70630
1.167000,513.29545
0.820000,514.90000
1.050000,515.00000
0.820000,518.06290
3.833000,519.96988
11.600000,521.22000
2.320000,521.24120
0.030000,521.24120
5.230000,522.50000
1.990000,524.41950
0.096800,527.59780
1.500000,530.75000
1.060000,530.77610
1.497000,532.68308
1.535000,532.97800
1.680000,533.93000
1.680000,533.93000
1.681000,533.95440
1.420000,533.95440
3.550000,533.95440
1.183060,534.25000
1.911000,534.27223
1.400000,535.54355
0.050000,537.13270
1.140000,537.13270
2.000000,540.28800
1.320000,540.29000
0.760000,540.30000
1.250000,540.30000
2.130000,540.30000
1.100000,540.30000
1.700000,540.31100
1.500000,540.31100
1.300000,540.31100
3.400000,540.31100
1.060000,543.47000
3.860000,543.47000
1.670000,543.48930
3.740000,549.84590
1.180000,556.00000
2.240000,556.20250
1.214000,556.20250
1.151000,557.10000
1.669700,559.36000
1.880000,561.92344
1.084000,562.24127
0.660000,562.50000
0.291600,565.07800
0.291690,565.71000
1.660000,565.73740
2.827000,565.73740
3.600000,565.73740
3.270000,565.73740
1.920000,568.89000
1.200000,570.00000
1.360000,572.07000
0.292000,572.07000
0.757000,572.07000
1.200000,572.07000
2.010000,572.09400
2.700000,572.09400
1.520000,572.10000
1.800000,572.10000
1.230000,572.10000
1.148000,574.63664
2.650000,575.59013
2.814500,575.88400
5.235000,576.51900
4.417000,577.79100
0.654000,578.42600
1.173500,578.43000
1.920000,578.43000
2.320000,578.45060
2.860000,581.60000
1.180000,584.80720
1.601000,587.96000
2.050000,587.96000
1.758000,587.98550
3.180000,587.98550
0.750000,587.98550
0.070400,591.00000
0.294000,591.14000
1.853000,591.16380
2.600000,591.16380
2.700000,591.16380
2.342000,592.43512
1.660000,594.02427
3.790000,597.00000
5.150000,597.00000
1.970000,597.52040
0.031760,597.52040
0.208000,600.67000
0.610000,600.70000
2.070000,603.85000
5.100000,603.85000
1.200000,603.87700
2.770000,603.90000
0.800000,603.90000
0.071000,604.00000
2.900000,610.00000
0.832000,610.23360
3.787000,612.14058
1.157000,612.45841
1.750000,616.56000
2.070000,616.59020
1.370000,619.76850
0.743450,622.60300
0.540000,622.94680
1.600000,622.94680
1.260000,624.21812
3.230000,626.00000
1.650000,626.12510
1.200000,626.12510
0.070000,626.12510
1.320000,629.28000
0.830000,629.28000
0.720000,629.30340
0.827774,629.59500
2.231000,630.89255
1.333000,632.46000
4.890000,632.46000
0.947000,632.46000
3.318000,633.43519
1.566000,634.38868
1.331000,635.00000
3.340000,635.60000
1.320000,635.63300
25.000000,635.66000
2.070000,635.66000
2.800000,635.66000
2.110000,638.83830
1.600000,638.83830
2.800000,638.83830
0.747000,639.00000
3.300000,640.00000
0.580000,642.00000
5.750000,645.19490
0.760000,645.19490
1.000000,645.20000
1.740000,647.10188
3.780000,654.72980
1.164000,657.90000
3.363200,659.15200
1.063000,666.17168
1.780000,667.40000
4.300000,667.40000
2.335000,667.41000
2.250000,667.41000
0.360000,667.41500
2.400000,667.44300
2.800000,667.44300
0.210000,670.59000
2.040000,670.62130
0.770000,670.62130
3.270000,670.62130
5.140000,673.79960
0.238800,674.00000
0.910000,676.97790
0.070000,677.00000
1.290000,680.15620
2.380000,686.51280
6.950000,689.66000
0.280000,689.69110
2.800000,689.69110
0.807900,691.56900
1.099000,692.84000
3.980000,692.86940
0.843000,697.31902
1.680000,699.19700
2.090000,699.20000
5.150000,699.22600
1.320000,699.22600
2.390000,699.54383
2.180000,702.40430
2.320000,704.94694
2.497000,706.53609
0.760000,708.76090
1.170000,708.76090
1.291000,711.91000
2.110000,711.93920
0.650000,715.09000
1.030000,715.09000
0.821000,715.09000
0.925000,718.29580
1.640000,721.47410
0.920000,721.47410
0.208317,723.22350
4.600000,724.62000
1.490000,724.65240
2.420000,727.80000
1.220000,730.97800
1.190000,730.97800
4.500000,731.00000
0.831000,731.00000
1.640000,731.00000
1.360000,731.00900
1.280000,731.00900
1.120000,737.36560
1.580000,740.54390
1.864000,740.54390
0.831000,743.70000
1.190000,753.23000
4.600000,753.23000
0.263000,759.58000
1.190000,759.61370
1.150000,762.76000
2.280000,762.79200
2.100000,762.79200
2.200000,762.80000
1.100000,762.80000
1.320000,767.24162
2.701000,769.46643
5.543000,770.07000
0.840000,772.32690
3.430000,772.32690
2.550000,776.00000
2.100000,778.68350
1.290000,778.68350
1.596000,778.70000
1.580000,781.83000
1.930000,781.86180
0.240000,791.36000
1.150000,794.50000
1.160000,794.50000
1.500000,794.50000
0.690000,794.50000
4.410000,794.54000
6.150000,794.57500
2.300000,797.75330
1.600000,797.75330
1.190000,797.75330
0.207740,804.07600
2.100000,804.08000
3.430000,807.25000
1.592000,807.28820
3.240000,810.43000
1.320000,810.46650
0.238000,810.46650
1.540000,813.64480
1.020000,816.79000
5.360000,819.97000
2.370000,819.97000
1.900000,826.30000
1.400000,826.30000
2.110000,826.32000
2.540000,826.32000
5.320000,826.32000
2.000000,826.35800
3.900000,829.50000
1.600000,829.53630
1.320000,832.71460
1.610000,835.90000
0.211000,839.04000
1.660000,839.07120
3.140000,839.07120
0.218585,845.30000
4.187000,845.74563
0.706000,851.78440
0.277000,854.96270
1.160000,858.10000
1.920000,858.10000
0.810000,858.10000
1.300000,858.10500
1.400000,858.14100
1.190000,858.14100
6.700000,861.28000
1.191000,861.31930
2.570000,864.49760
4.438000,864.49760
1.280000,867.63900
1.262000,874.03250
2.110000,877.17000
0.070000,886.74570
0.790000,886.74570
0.214000,887.69135
2.400000,889.92400
0.680000,890.00000
0.283100,890.52200
3.180000,896.20000
0.920000,899.42000
1.450000,902.63720
0.260000,902.63720
1.340000,905.81550
0.810000,915.31000
4.670000,915.35040
5.280000,918.49000
1.130000,918.52870
1.690000,920.00000
0.760000,921.66800
2.540000,921.67000
0.540000,921.70700
1.650000,921.70700
9.020000,931.24190
2.340000,934.42020
0.820000,934.42020
1.280000,937.59850
2.630000,940.74000
0.297000,947.13340
2.600000,947.13340
1.130000,950.31170
3.200000,953.45000
2.100000,953.49000
2.000000,953.49000
0.660000,953.49000
2.430000,959.84660
0.590000,966.16000
1.370000,968.00000
1.080000,973.00000
2.198000,973.00000
2.780000,975.73810
2.180000,975.73810
0.650000,978.91640
1.250000,982.05000
2.187000,984.31951
1.310000,985.20000
5.500000,985.20000
4.170000,985.23000
1.372000,985.27300
2.000000,991.58800
0.150000,991.59000
4.511000,1001.12000
4.740000,1001.16450
0.160700,1004.34280
3.870000,1010.69940
2.510000,1010.69940
0.740000,1010.69940
1.070000,1010.69940
3.740000,1013.87770
3.471000,1015.10600
0.680000,1017.00000
0.700000,1017.00000
3.467000,1018.32732
1.760000,1020.19000
0.161400,1023.37000
1.370000,1026.59090
18.000000,1026.59090
0.162780,1028.18005
1.745000,1029.73000
11.550000,1032.94750
0.163700,1036.76146
1.780000,1048.79000
4.770000,1048.80000
4.100000,1052.01730
0.950000,1061.55220
3.814000,1069.77100
0.490000,1071.04000
0.070000,1074.26540
5.600000,1080.60000
1.820000,1080.62200
1.414000,1086.97860
2.430000,1093.29000
3.330000,1096.51350
3.070000,1099.69180
0.130000,1102.82000
1.980000,1106.04840
3.520000,1110.00000
2.000000,1112.40000
1.200000,1112.40500
5.470000,1121.89000
5.420000,1121.89000
1.130000,1121.90000
1.988000,1122.57556
3.040000,1128.25000
4.350000,1134.61000
0.960000,1137.83140
2.720000,1144.18800
3.584000,1150.54460
1.486000,1155.26300
1.510000,1166.39000
0.138000,1166.39000
10.500000,1166.43610
0.138800,1172.70000
1.520000,1172.74000
1.160000,1172.79270
0.138800,1175.92000
0.950000,1179.14930
2.390000,1179.14930
1.980000,1185.50590
5.150000,1188.68420
0.389000,1195.04080
0.970000,1195.04080
2.220000,1200.00000
0.971000,1201.39740
1.740000,1204.25787
1.780000,1204.57570
1.525000,1214.10000
0.855000,1217.20000
5.770000,1218.82700
5.840000,1220.42000
0.069200,1220.46720
4.750000,1223.64550
5.446000,1226.77000
4.920000,1226.82380
0.046200,1229.95000
3.180000,1230.00210
5.503000,1232.49300
1.190000,1233.13000
2.960000,1233.13000
0.069200,1233.18040
0.069600,1239.53700
0.113000,1242.66000
0.069200,1242.66000
0.447000,1242.71530
5.257000,1243.35096
1.149000,1249.07190
0.449000,1252.20000
2.570000,1255.38000
2.510000,1255.38000
1.490000,1255.42850
0.140000,1264.96340
1.752000,1271.30000
1.120000,1271.32000
1.400000,1271.32000
2.170000,1274.40000
4.920000,1274.44000
0.846000,1274.44000
3.600000,1283.98000
0.114000,1284.03320
3.082000,1287.16000
5.900000,1287.21150
4.637000,1303.05000
0.460000,1303.05000
3.900000,1303.10300
0.456400,1307.55262
0.456500,1308.18828
0.048100,1312.58000
2.530000,1312.63790
2.513290,1313.22000
1.300000,1334.88600
2.708000,1338.01000
3.167000,1360.00000
0.049000,1373.02560
2.100000,1398.00000
2.500000,1398.45200
0.110000,1404.80860
2.930000,1411.16520
6.190000,1423.87840
4.300000,1430.20000
2.030000,1430.23500
5.220000,1430.23500
1.820000,1433.41330
6.074000,1434.30600
2.730000,1440.66300
2.170000,1455.66140
5.200000,1462.01800
2.770000,1474.67000
2.930000,1481.08780
0.850000,1484.26610
0.590000,1503.33590
2.800000,1506.45000
2.480000,1506.45000
2.148000,1516.04910
0.830000,1525.50000
2.900000,1535.11890
3.860000,1540.00000
2.820000,1554.12000
2.200000,1557.30000
1.820000,1557.30100
1.800000,1570.00000
0.510000,1570.08020
2.353000,1574.46400
1.820000,1576.43680
2.864000,1581.13800
1.280000,1592.26000
3.030000,1600.00000
0.600000,1600.00000
1.340000,1620.90000
2.120000,1620.93300
2.030000,1630.40000
0.522000,1633.64620
6.150000,1640.00280
2.410000,1640.00280
1.160000,1655.82000
0.580000,1671.70000
1.350000,1681.25000
2.500000,1684.40000
6.800000,1684.40000
1.900000,1684.40000
0.600000,1706.74710
1.980000,1709.92540
0.210000,1716.28200
5.448000,1721.04945
6.460000,1722.63860
0.228000,1732.17350
2.800000,1748.06500
2.600000,1760.77820
1.890000,1773.49140
1.032000,1776.59000
1.980000,1782.95100
2.160000,1784.00000
1.090000,1789.38290
8.400000,1792.56120
1.030000,1811.63100
0.450000,1830.62400
0.530000,1837.05740
0.614000,1875.10000
2.030000,1875.10000
1.020000,1875.19700
2.280000,1897.44510
1.760000,1900.00000
3.820000,1900.62340
1.200000,1906.90000
5.700000,1906.98000
2.810000,1906.98000
0.450000,1913.33660
1.300000,1938.68000
1.400000,1938.70000
2.230000,1941.86000
3.400000,1960.93000
2.131000,1973.64000
1.890000,1999.10000
2.200000,1999.15070
0.780000,2000.00000
1.600000,2002.32900
2.038000,2002.32900
2.160000,2027.70000
2.140000,2028.70889
1.300000,2034.11200
0.940000,2040.00000
1.460000,2056.36010
1.080000,2065.89500
1.890000,2065.89500
1.930000,2080.00000
1.922000,2080.00000
0.456000,2084.88000
0.747000,2089.64400
1.010000,2097.67800
0.530000,2126.28270
1.812000,2129.46100
1.900000,2129.46100
1.100000,2129.46100
1.300000,2129.46100
6.570000,2158.06570
1.970000,2161.15000
5.600000,2161.20000
6.600000,2161.24400
1.940000,2180.31380
5.020000,2192.90000
5.690000,2192.93000
2.611000,2199.29000
1.086000,2199.38360
2.610000,2202.56190
0.730000,2215.18000
2.860000,2224.81000
0.339000,2234.25000
0.870000,2256.50000
1.970000,2269.30620
4.200000,2286.00000
1.940000,2310.62410
4.060000,2313.80240
1.930000,2330.00000
1.900000,2332.80000
0.345000,2336.05050
0.481000,2351.94200
0.481000,2357.02728
0.290000,2377.27000
0.484000,2380.45000
2.700000,2402.79480
0.760000,2415.40000
1.930000,2415.40600
9.890000,2415.50800
2.703300,2419.53800
0.480000,2421.86460
0.640000,2425.04290
0.293100,2434.15700
2.600000,2447.29100
2.772000,2450.37000
1.347000,2463.10000
5.500000,2475.89570
2.400000,2478.97000
3.400000,2479.00000
1.700000,2479.00000
2.730000,2479.07400
0.910000,2517.11000
3.820000,2541.57900
0.300000,2545.81830
0.300000,2548.89000
0.340000,2552.17490
3.850000,2561.60000
3.580000,2568.06640
2.880000,2574.42300
1.810000,2593.49280
3.900000,2606.10000
0.810000,2606.10000
0.950000,2637.90000
0.917000,2653.88050
7.520000,2660.23710
1.340000,2660.23710
0.918000,2682.37000
2.800000,2707.91160
3.704000,2740.33026
1.190000,2790.43000
1.360000,2793.72570
1.275000,2803.10000
1.300000,2828.60000
2.400000,2850.93510
20.250000,2860.00000
5.300000,2860.30000
2.700000,2860.47000
2.770000,2870.00490
1.100000,2892.10000
0.565000,2917.56000
1.487700,2960.78000
1.290000,2987.60200
5.280000,3003.37000
3.810000,3006.67180
4.590000,3054.22000
3.220000,3070.23780
1.500000,3079.77270
1.520000,3080.00000
1.623000,3082.31534
18.500000,3082.95100
0.495000,3086.00000
2.360000,3101.89000
1.660000,3108.37740
2.540000,3127.30000
0.080000,3127.44720
0.995000,3140.03000
0.490000,3140.16040
2.100000,3146.40000
1.370000,3178.00000
1.660000,3178.30000
3.100000,3184.65660
3.340000,3219.61790
1.310000,3219.61790
1.660000,3219.61790
3.380000,3264.00000
2.600000,3273.50000
3.280000,3273.64900
6.220000,3302.11000
3.950000,3321.20000
0.993000,3321.32350
1.540000,3337.07000
1.096000,3359.32000
2.100000,3368.99800
1.280000,3378.53290
1.120000,3391.24610
0.360000,3397.60270
1.700000,3400.64000
0.422000,3426.20740
1.510000,3432.40000
2.120000,3464.20000
1.250000,3480.23850
0.353000,3489.63000
4.300000,3496.00000
2.140000,3524.59000
1.600000,3527.80000
4.910000,3527.91300
0.363000,3710.00000
1.650000,3852.09960
0.117000,3941.09200
2.010000,3963.17000
2.504000,4036.44100
1.290000,4096.82870
3.640000,4128.61170
2.380000,4131.62000
3.720000,4163.57300
3.740000,4195.20000
3.712000,4252.39000
7.030000,4258.92200
1.167000,4338.20000
2.500000,4344.73610
0.990000,4392.41060
1.850000,4400.00000
2.100000,4449.62000
3.020000,4513.00000
0.074000,4580.00000
5.790000,4640.31800
1.258000,4643.30000
1.530000,4684.81420
7.700000,4780.16320
5.960000,4799.23300
1.188000,4830.80000
1.920000,5050.31870
3.730000,5196.52050
1.600000,5288.69120
2.840000,5361.57000
9.620000,5364.97040
2.900000,5403.11000
1.210000,5434.70000
2.837300,5464.22100
2.410000,5689.15700
9.750000,5689.15700
2.910000,5752.50000
2.910000,5752.72300
3.170000,5768.37100
3.170000,6076.90960
3.180000,6102.33600
1.290000,6165.60000
2.550000,6356.30000
1.460000,6397.91790
1.340000,6451.70000
3.230000,6451.94900
1.170000,6547.00000
1.420000,6661.71680
1.450000,6807.63000
4.560000,6865.12800
1.400000,6992.26000
3.160000,7043.11280
1.790000,7057.73298
1.900000,7627.92000
5.931000,7838.32346
12.400000,8508.30910
6.100000,8581.41000
3.300000,8613.19300
0.974000,10710.87100
1.050000,17668.16970